<?xml version="1.0" encoding="UTF-8"?>
<root>
  <item name="com.yandex.championship.quest_core_lib.QuestCore int checkAnswer(java.lang.String)">
    <annotation name="androidx.annotation.IntDef">
      <val name="value" val="{com.yandex.championship.quest_core_lib.QuestCore.TaskResult.WRONG_ANSWER, com.yandex.championship.quest_core_lib.QuestCore.TaskResult.NEXT_QUESTION, com.yandex.championship.quest_core_lib.QuestCore.TaskResult.BINGO}" />
    </annotation>
  </item>
  <item name="com.yandex.championship.quest_core_lib.QuestCore int checkDirectionAnswer(java.lang.String)">
    <annotation name="androidx.annotation.IntDef">
      <val name="value" val="{com.yandex.championship.quest_core_lib.QuestCore.TaskResult.WRONG_ANSWER, com.yandex.championship.quest_core_lib.QuestCore.TaskResult.NEXT_QUESTION, com.yandex.championship.quest_core_lib.QuestCore.TaskResult.BINGO}" />
    </annotation>
  </item>
  <item name="com.yandex.championship.quest_core_lib.QuestCore int checkDirectionAnswer(java.lang.String) 0">
    <annotation name="androidx.annotation.StringDef">
      <val name="value" val="{com.yandex.championship.quest_core_lib.QuestCore.Direction.LEFT, com.yandex.championship.quest_core_lib.QuestCore.Direction.RIGHT, com.yandex.championship.quest_core_lib.QuestCore.Direction.BACK}" />
    </annotation>
  </item>
  <item name="com.yandex.championship.quest_core_lib.QuestCore int checkNumberAnswer(int)">
    <annotation name="androidx.annotation.IntDef">
      <val name="value" val="{com.yandex.championship.quest_core_lib.QuestCore.TaskResult.WRONG_ANSWER, com.yandex.championship.quest_core_lib.QuestCore.TaskResult.NEXT_QUESTION, com.yandex.championship.quest_core_lib.QuestCore.TaskResult.BINGO}" />
    </annotation>
  </item>
  <item name="com.yandex.championship.quest_core_lib.QuestCore int checkTextAnswer(java.lang.String)">
    <annotation name="androidx.annotation.IntDef">
      <val name="value" val="{com.yandex.championship.quest_core_lib.QuestCore.TaskResult.WRONG_ANSWER, com.yandex.championship.quest_core_lib.QuestCore.TaskResult.NEXT_QUESTION, com.yandex.championship.quest_core_lib.QuestCore.TaskResult.BINGO}" />
    </annotation>
  </item>
  <item name="com.yandex.championship.quest_core_lib.QuestCore int getTaskType()">
    <annotation name="androidx.annotation.IntDef">
      <val name="value" val="{com.yandex.championship.quest_core_lib.QuestCore.TaskType.DIRECTION_TASK, com.yandex.championship.quest_core_lib.QuestCore.TaskType.NUMBER_TASK, com.yandex.championship.quest_core_lib.QuestCore.TaskType.TEXT_TASK, com.yandex.championship.quest_core_lib.QuestCore.TaskType.DEADLOCK_TASK}" />
    </annotation>
  </item>
  <item name="com.yandex.championship.quest_core_lib.QuestCore int goBack()">
    <annotation name="androidx.annotation.IntDef">
      <val name="value" val="{com.yandex.championship.quest_core_lib.QuestCore.TaskResult.WRONG_ANSWER, com.yandex.championship.quest_core_lib.QuestCore.TaskResult.NEXT_QUESTION, com.yandex.championship.quest_core_lib.QuestCore.TaskResult.BINGO}" />
    </annotation>
  </item>
  <item name="com.yandex.championship.quest_core_lib.QuestCore void checkType(int) 0">
    <annotation name="androidx.annotation.IntDef">
      <val name="value" val="{com.yandex.championship.quest_core_lib.QuestCore.TaskType.DIRECTION_TASK, com.yandex.championship.quest_core_lib.QuestCore.TaskType.NUMBER_TASK, com.yandex.championship.quest_core_lib.QuestCore.TaskType.TEXT_TASK, com.yandex.championship.quest_core_lib.QuestCore.TaskType.DEADLOCK_TASK}" />
    </annotation>
  </item>
  <item name="com.yandex.championship.quest_core_lib.QuestCore.Direction">
    <annotation name="androidx.annotation.StringDef">
      <val name="value" val="{com.yandex.championship.quest_core_lib.QuestCore.Direction.LEFT, com.yandex.championship.quest_core_lib.QuestCore.Direction.RIGHT, com.yandex.championship.quest_core_lib.QuestCore.Direction.BACK}" />
    </annotation>
  </item>
  <item name="com.yandex.championship.quest_core_lib.QuestCore.TaskResult">
    <annotation name="androidx.annotation.IntDef">
      <val name="value" val="{com.yandex.championship.quest_core_lib.QuestCore.TaskResult.WRONG_ANSWER, com.yandex.championship.quest_core_lib.QuestCore.TaskResult.NEXT_QUESTION, com.yandex.championship.quest_core_lib.QuestCore.TaskResult.BINGO}" />
    </annotation>
  </item>
  <item name="com.yandex.championship.quest_core_lib.QuestCore.TaskType">
    <annotation name="androidx.annotation.IntDef">
      <val name="value" val="{com.yandex.championship.quest_core_lib.QuestCore.TaskType.DIRECTION_TASK, com.yandex.championship.quest_core_lib.QuestCore.TaskType.NUMBER_TASK, com.yandex.championship.quest_core_lib.QuestCore.TaskType.TEXT_TASK, com.yandex.championship.quest_core_lib.QuestCore.TaskType.DEADLOCK_TASK}" />
    </annotation>
  </item>
</root>

